date,session,predictor,category,prediction,confidence_pct,outcome_date,actual_outcome,correct,brier_score,notes
2026-06-03,session_2026-06-03_2345,JARVLS,Signal,Claims>215K BUY NO -- model gives 74.2% probability claims will NOT exceed 215K,74,2026-06-04,Claims printed 225K -- exceeded threshold,FALSE,0.548,Holiday week distortion. Memorial Day caused spike. Model systematically underestimated volatility.
2026-06-03,session_2026-06-03_2345,JARVLS,Signal,Claims>220K BUY NO -- model gives 87.5% probability claims will NOT exceed 220K,87,2026-06-04,Claims printed 225K -- exceeded threshold,FALSE,0.757,Same holiday week distortion. Higher confidence made Brier score worse.
2026-06-04,session_2026-06-04_2230,JARVLS,Signal,Skip all Jobs trades June 5 -- signals do not meet 60% confidence threshold,90,2026-06-05,All four Jobs signals would have lost -- correct to skip,TRUE,0.010,NFP came in 172K vs 80K consensus. All NO signals would have lost. Discipline held.
2026-06-04,session_2026-06-04_2230,JARVLS,Strategic,Claims model failures caused by holiday week distortion -- Memorial Day hypothesis,75,2026-06-04,FRED data confirmed -- holiday weeks show 1.7x higher MAE than normal weeks,TRUE,0.063,Hypothesis confirmed by claims_model_review.py. Two distinct problems: holiday distortion + fat tails.
2026-06-04,session_2026-06-04_2230,JARVLS,Strategic,auto_monitor.py stop loss fix is critical before Jobs report Friday,95,2026-06-05,Fix built and tested -- monitor ran overnight without incident,TRUE,0.003,Correct prioritization. Stop loss execution gap closed June 4.
2026-06-05,session_2026-06-05,JARVLS,Model,Unemp>4.3% YES has 0% win rate -- signal genealogy finding should be avoided,90,2026-06-05,Jobs report: unemployment came in at exactly 4.3% -- resolved NO again,TRUE,0.010,Signal genealogy vindicated same day. Unemp>4.3% now 0/22. Strongest genealogy finding to date.
2026-06-05,session_2026-06-05,JARVLS,Strategic,GDP model at 1.0 reliability weight with 50% accuracy is inverted from performance,85,2026-07-30,PENDING -- GDP resolves July 30,PENDING,,Bias audit finding. Will score when GDP advance estimate releases.
2026-06-05,session_2026-06-05,JARVLS,Roadmap,August 15 go-live is a calendar date not a validated milestone -- criteria may not be met,70,2026-08-15,PENDING -- go-live decision August 15,PENDING,,Honest self-audit. Will score based on whether criteria are genuinely met by that date.
2026-10-03,session_2026-10-03_1443,JARVLS,Model,NFL_GAME fails the section 3 criteria at the Nov 1 progress read,85,2026-11-01,VOID -- section 3 ratification withdrawn Oct 3 (premise was inverted-outcome data),VOID,,"Made on inverted NO-row outcomes; right direction by accident (corrected NFL_GAME model Brier .2353 vs market .2098, w* 0.00 [0.00, 0.70]). See backfill_outcome_convention_bug_20261003."
2026-10-03,session_2026-10-03_1443,JARVLS,Model,NFL_GAME true edge >= +5c per event,25,2027-01-03,PENDING -- season end,PENDING,,"Original 25% made on inverted-outcome data. Revised to ~10% (J@rv1s) after correction showed the model worse than market on Brier. Annotated, not deleted."
2026-10-03,session_2026-10-03_1443,JARVLS,Data,"The three missing-ask NFL_GAME tickers (ATLGB, NEJAC, NYJDET) are mostly duplicate-runner artifacts",60,2026-10-03,"FALSE -- each ticker has an earlier NO row and a later YES row, both with asks; dashboard last-row-per-ticker dedup dropped the earlier row",FALSE,0.36,"Resolved by Archie Oct 3 from raw rows (J@rv1s had asked for unknown-pending-recheck; recheck done on the raw rows, labels not needed). Both directions had been scored as losses because of the backfill outcome-frame bug."
2026-10-03,session_2026-10-03_1443,JARVLS,Model,Corrected MLB_GAME result survives an independent audit and a pre-registered real-ask test,25,TBD,PENDING -- independent audit and pre-registration not yet done,PENDING,,J@rv1s estimate. Strong result that appeared right after a fix and was not pre-registered usually shrinks. Repair verified on only 29 of 230 MLB rows; 16 of 34 mixed-provenance rows disagree with Kalshi. REVISED to ~5% (J@rv1s Oct 3 15:48 CT) after the date-offset finding: the 17 Kalshi disagreements are wrong-game scoring (backfill matched run_date not the ticker game date); the positive result lives in the 163 tickerless rows where the YES frame is undefined. Annotated; original 25% kept.
2026-10-04,session_2026-10-04_packet_review,JARVLS,Model,NFL_GAME resolves to a confirmed pass within this season under the current Gate 1 / Phase 2 design,3,PENDING -- season end,PENDING,PENDING,,J@rv1s estimate. Was 15% in his same-day review; revised to about 3% after the simulator showed roughly 350 flagged events needed for 80% power at W=0.5 (6c flag threshold) and the corrected NFL_GAME Brier is worse than market. Resolves only if the true forecaster weight is near 1.
2026-10-04,session_2026-10-04_packet_review,JARVLS,Model,F1: at about 27 events rule R1 (CI lower bound >0 on the ask basis) passes a half-right forecaster less than 25% of the time,85,2026-10-04,Confirmed by simulation: 16-19% across settings (J@rv1s sim and Archie independent rerun); a perfect forecaster passes only 38-49%,TRUE,0.0225,Resolved by simulation only. Synthetic data; data-generating assumptions untested against reality.
2026-10-04,session_2026-10-04_packet_review,JARVLS,Model,F3: clipping w at 0 inflates the mean estimate under no information by more than 0.15,75,2026-10-04,Confirmed: clipped mean 0.20-0.26 vs unclipped -0.01 to -0.11 at W=0,TRUE,0.0625,Archie note: clipping does not change rule R1 or the sizing weight (lower bounds clipped or not are both zero whenever the unclipped one is <=0). It biases only the reported point estimate.
2026-10-04,session_2026-10-04_packet_review,JARVLS,Model,F2: attenuation of w at W=1 (mean 0.75) is partly a simulator artifact from per-row noise,70,2026-10-04,Confirmed: with per-row noise off the mean raw w at W=1 is 0.98-1.02,TRUE,0.09,"Power barely moves with noise off (P(lower>0) at W=1: about 0.47-0.49 with noise vs 0.51-0.53 without), so noise explains the bias, not the low power."
2026-10-04,session_2026-10-04_packet_review,JARVLS,Model,F6: week-level dependence between events makes the event-bootstrap CI materially too narrow,80,2026-10-04,Not supported in the simulator (shared week-level shock sd 0.06 did not change coverage); revised to about 40%,FALSE,0.64,"Weak test: the shock may not match the real mechanism. Bootstrapping by week with about 8 clusters undercovers badly, so there is no easy fix either way."
2026-10-04,session_2026-10-04_packet_review,JARVLS,Model,F7: a market longshot bias gives a pure-noise forecaster a false edge,65,2026-10-04,Not supported: an independent bias did not change the false-pass rate; only a forecaster bias aligned with the market bias moved it slightly (to 6-7%); revised to about 35%,FALSE,0.4225,Effect size depends on an arbitrary bias of 0.15.
